title,postingFrom,permalink,shortDescription,postingDate,mailToLink
ride offered to knoxville (huntsville to knoxville),huntsville,http://huntsville.craigslist.org/rid/3419645962.html,i will be heading back to knoxville on the sunday after thanksgiving if any one needs a ride. $20 in gas should be suffecient. ,2012-11-18T21:49:20-06:00,emailnotfound
"ride offered on 11/20 to richmond, va (madison)",huntsville,http://huntsville.craigslist.org/rid/3418360867.html,"ride offered all the way to richmond, va from madison/huntsville. i can drop you off anywhere in between. split gas. will probably be $50 all the way to richmond. leave a phone number in your email.",2012-11-18T10:51:08-06:00,emailnotfound
ride offer houston&back (hsv),huntsville,http://huntsville.craigslist.org/rid/3416811830.html,headed 2 houston sun coming back tue eve via bham shreve port let me knw if u need a ride 256 468 7726 ,2012-11-17T14:30:38-06:00,emailnotfound
ride to louisville/lleva a louisville,huntsville,http://huntsville.craigslist.org/rid/3415927849.html,"we will be driving a small rental car from new orleans to louisville today (saturday) and pushing on thru the night to get there by sunday at noon to turn in the car. 
not much room for luggage, room for 1-2 people. 
call me asap: sevenseven3-791-145 [...]",2012-11-17T08:24:01-06:00,emailnotfound
discount travel to any state or city,huntsville,http://huntsville.craigslist.org/rid/3412534948.html,"**this is a limited time offer** 
we are a wholesale travel agency that specializes in providing the best price for travel on amtrak as well as greyhound bus lines. since we are an online only travel booker, we are able to further discount travel tic [...]",2012-11-15T17:23:06-06:00,emailnotfound
"need ride cheaper than a cab? (huntsville, al)",huntsville,http://huntsville.craigslist.org/rid/3384559089.html,"if you need a ride give me a call or text me. i charge a flat fee. no free rides, so please do not ask. 256.763.0290",2012-11-11T17:58:39-06:00,emailnotfound
flat fare-one way/roundtrip (anywhere),huntsville,http://huntsville.craigslist.org/rid/3372684490.html,"cheaper than a cab and i speak english.prices depends on destinations and times.call or email 
256.945.7228",2012-11-11T13:38:57-06:00,emailnotfound
ride offered to oh or nyc sunday 11/11 late morning  (al to ny),huntsville,http://huntsville.craigslist.org/rid/3401166364.html,must help with fuel . luggage ok. it is a gmc truck. call/text at 347.338.7629 for more info. ,2012-11-10T19:30:26-06:00,emailnotfound
washington dc (hsv to nyc),huntsville,http://huntsville.craigslist.org/rid/3389080129.html,"going to washington dc to film the protest of the keystone xl pipeline ( http://act.350.org/signup/kxl_nov18 ) at the white house next sunday and then traveling up to nyc to cover hurricane sandy disaster relief efforts. i can drive, pay for food and [...]",2012-11-05T16:03:28-06:00,emailnotfound
"need ride? $30.00 flat rate include stop and errange no time limit (morgan,madison,limestone,lawco area)",huntsville,http://huntsville.craigslist.org/rid/3387031680.html,"morganco,limestco.,madisonco,most n.al 
i been laid off my job. i am seeking extra money to pay some bills and gas money. i was born and raise in the area. contact me now if you need a ride. i have small extended cab truck that seats 2 two people onl [...]",2012-11-04T18:58:18-06:00,emailnotfound
sick of long walk work commute (huntsville al),huntsville,http://huntsville.craigslist.org/rid/3379592742.html,"looking for ride share for my commute to and from work newson road to walmart south memorial parkway i need transportation when friends/family and bus system is not available (mainly early mornings,evenings and weekends) i'm a 40 year old male who ha [...]",2012-11-01T13:02:28-05:00,emailnotfound
"huntville to biloxi, ms friday am (huntsville)",huntsville,http://huntsville.craigslist.org/rid/3316683323.html,"i'm traveling from huntsville to biloxi, ms friday morning at 10 am. i will be passing through birmingham, montgomery, and mobile. call 256-694-6971 if interested.",2012-10-30T23:15:47-05:00,emailnotfound
atlanta -&gt;&lt;- huntsville (airport / 565),huntsville,http://huntsville.craigslist.org/rid/3376310113.html,"looking to split cost of gas going from atlanta to huntsville. 
i depart atlanta early monday morning arrive in huntsville by 10:00 am local. 
i depart huntsville friday afternoon and arrive in atlanta between 5 and 7 pm local. 
if you also live in c [...]",2012-10-30T22:23:22-05:00,emailnotfound
affordable travel to anywhere just look,huntsville,http://huntsville.craigslist.org/rid/3332975455.html,"**this is a limited time offer** 
we are a wholesale travel agency that specializes in providing the best price for travel on greyhound or amtrak we can get you or your friends tickets from and to any city in the country. so be sure to tell family an [...]",2012-10-29T21:25:49-05:00,emailnotfound
ride needed - huntsville to pensacola on thu 11/15 (huntsville),huntsville,http://huntsville.craigslist.org/rid/3372937133.html,"i'm looking for a ride from huntsville to pensacola. 
leaving november 15th returning november 19th. contact me on zimride: http://www.zimride.com/ride/share?ride=510169 ",2012-10-29T13:27:24-05:00,emailnotfound
need a ride (huntsville to baltimore),huntsville,http://huntsville.craigslist.org/rid/3372330653.html,"need a ride for myself and my 3 kids to baltimore, md. will pay gas and pay you. email or text only please, nine 1 five-4 zero 7-3 three 0 one. thank you.",2012-10-29T09:35:27-05:00,emailnotfound
daily ride (fayetteville-huntsville),huntsville,http://huntsville.craigslist.org/rid/3368430872.html,"looking to share a ride with someone who travels from fayetteville tn to hunstville each morning to go to clinic in huntsville 
i am friendly and can help to pass the time quickly and will of course pay my fair share. 
thanks and appreciate you getti [...]",2012-10-27T10:19:29-05:00,emailnotfound
need ride to zombie/manson (hunstville to atlanta roundtrip),huntsville,http://huntsville.craigslist.org/rid/3357483004.html,just found out that my ride has fallen thru for the show. i have a room rented and an extra ticket for the pit section. if you have car i really need a ride. willing to split expenses.,2012-10-22T15:51:28-05:00,emailnotfound
to asheville nc (huntsville),huntsville,http://huntsville.craigslist.org/rid/3348196870.html,if anyone is heading to asheville nc i would love to ride w/ & can help w/ gas (not a weirdo) thanks 828-808-2836 ,2012-10-18T14:13:15-05:00,emailnotfound
need help getting 2 n from wrk (morgan city to huntsville ),huntsville,http://huntsville.craigslist.org/rid/3338970873.html,i jus got a job located off of jordan lane.... but need help gettn to work. i live in the union grove area. email me if interested,2012-10-14T16:52:19-05:00,emailnotfound
going to  florida sunday  (huntsville),huntsville,http://huntsville.craigslist.org/rid/3328259653.html,be leaving for the tampa florida area with a stop in holt florida near destin possibly stay over night then back on the road to tampa anyone wanting to share the fuel cost is welcome to go ill be driving a f-250 crew cab truck very comfortable,2012-10-09T19:36:29-05:00,emailnotfound
need an affordable ride? (madison al),huntsville,http://huntsville.craigslist.org/rid/3327092988.html,"call 2566012836 for a rate, now going to birmingham.",2012-10-09T11:44:58-05:00,emailnotfound
heading to charleston sc thursday (huntsville to charleston),huntsville,http://huntsville.craigslist.org/rid/3326020953.html,"i will be heading out around 1 am thursday morning going to charleston sc. i will be passing through gadsden al, atlanta, agusta, columbia sc, ending in charleston sc. rolling in a nice new comfortable car. if you would like to ride, please send me a [...]",2012-10-08T20:57:58-05:00,emailnotfound
